,PhraseId,Sentiment
0,156061,2
15,156076,1
93,156154,3
117,156178,1
158,156219,4
189,156250,1
211,156272,3
263,156324,2
301,156362,1
344,156405,3
370,156431,2
426,156487,1
476,156537,3
506,156567,1
536,156597,3
546,156607,3
567,156628,0
579,156640,1
623,156684,1
693,156754,3
717,156778,2
751,156812,3
783,156844,1
797,156858,0
839,156900,3
879,156940,1
923,156984,2
950,157011,2
977,157038,3
1013,157074,0
1035,157096,3
1069,157130,0
1104,157165,2
1142,157203,2
1175,157236,2
1183,157244,1
1196,157257,1
1229,157290,4
1244,157305,0
1289,157350,3
1295,157356,0
1321,157382,3
1371,157432,3
1390,157451,1
1409,157470,1
1448,157509,3
1469,157530,1
1487,157548,2
1525,157586,1
1541,157602,1
1563,157624,1
1602,157663,3
1610,157671,3
1655,157716,3
1669,157730,0
1681,157742,4
1688,157749,2
1694,157755,3
1745,157806,4
1780,157841,2
1805,157866,2
1818,157879,3
1854,157915,2
1860,157921,3
1874,157935,1
1913,157974,1
1955,158016,0
1993,158054,2
1999,158060,3
2015,158076,3
2033,158094,3
2068,158129,4
2099,158160,2
2132,158193,1
2159,158220,2
2189,158250,1
2200,158261,1
2219,158280,0
2247,158308,1
2277,158338,1
2298,158359,0
2326,158387,4
2366,158427,3
2396,158457,0
2433,158494,1
2474,158535,1
2493,158554,3
2532,158593,4
2541,158602,4
2569,158630,3
2582,158643,3
2592,158653,1
2627,158688,4
2634,158695,2
2671,158732,1
2692,158753,2
2721,158782,4
2733,158794,1
2749,158810,3
2778,158839,4
2782,158843,3
2815,158876,1
2827,158888,4
2855,158916,3
2907,158968,3
2923,158984,3
2950,159011,2
2980,159041,0
3012,159073,1
3037,159098,3
3050,159111,4
3068,159129,0
3092,159153,2
3107,159168,3
3128,159189,3
3148,159209,4
3179,159240,3
3208,159269,2
3220,159281,1
3232,159293,0
3263,159324,3
3294,159355,2
3334,159395,1
3384,159445,3
3448,159509,3
3478,159539,2
3494,159555,3
3509,159570,4
3550,159611,3
3571,159632,2
3594,159655,4
3598,159659,1
3636,159697,0
3651,159712,2
3688,159749,0
3709,159770,0
3727,159788,2
3749,159810,1
3754,159815,4
3767,159828,2
3776,159837,3
3840,159901,0
3863,159924,3
3908,159969,2
3912,159973,3
3925,159986,2
3950,160011,0
3960,160021,0
3984,160045,3
4014,160075,3
4058,160119,1
4062,160123,1
4092,160153,2
4117,160178,0
4141,160202,4
4145,160206,1
4158,160219,1
4169,160230,1
4194,160255,0
4232,160293,3
4285,160346,3
4338,160399,3
4368,160429,4
4389,160450,1
4397,160458,1
4427,160488,0
4474,160535,3
4501,160562,3
4521,160582,4
4549,160610,4
4595,160656,3
4616,160677,2
4635,160696,1
4655,160716,3
4708,160769,1
4728,160789,1
4749,160810,4
4772,160833,3
4790,160851,1
4840,160901,3
4864,160925,4
4883,160944,4
4906,160967,1
4953,161014,1
4976,161037,4
4987,161048,4
5020,161081,1
5028,161089,1
5059,161120,1
5081,161142,1
5121,161182,4
5164,161225,4
5188,161249,3
5208,161269,3
5230,161291,2
5240,161301,1
5249,161310,2
5263,161324,0
5294,161355,3
5309,161370,2
5334,161395,3
5362,161423,3
5375,161436,4
5407,161468,1
5430,161491,2
5471,161532,4
5485,161546,1
5519,161580,3
5540,161601,3
5559,161620,3
5599,161660,2
5621,161682,1
5652,161713,3
5673,161734,1
5683,161744,2
5726,161787,2
5759,161820,1
5784,161845,4
5820,161881,1
5856,161917,1
5869,161930,1
5888,161949,3
5920,161981,0
5931,161992,3
5959,162020,2
5984,162045,1
6010,162071,1
6037,162098,1
6061,162122,3
6086,162147,1
6116,162177,2
6158,162219,1
6192,162253,1
6215,162276,1
6231,162292,1
6261,162322,3
6276,162337,3
6311,162372,4
6337,162398,3
6346,162407,2
6351,162412,2
6366,162427,1
6377,162438,2
6383,162444,0
6401,162462,2
6429,162490,3
6449,162510,1
6467,162528,3
6493,162554,3
6508,162569,2
6514,162575,3
6553,162614,3
6571,162632,1
6590,162651,4
6628,162689,2
6641,162702,2
6644,162705,4
6661,162722,1
6697,162758,1
6705,162766,4
6714,162775,4
6733,162794,4
6748,162809,3
6769,162830,3
6813,162874,1
6833,162894,2
6872,162933,2
6898,162959,3
6904,162965,1
6926,162987,1
6944,163005,3
6953,163014,1
6965,163026,2
6987,163048,4
7005,163066,3
7031,163092,4
7040,163101,3
7065,163126,0
7080,163141,2
7111,163172,1
7131,163192,1
7143,163204,4
7176,163237,3
7208,163269,1
7222,163283,4
7232,163293,1
7241,163302,3
7280,163341,3
7320,163381,4
7364,163425,1
7393,163454,0
7416,163477,2
7429,163490,0
7460,163521,3
7468,163529,3
7477,163538,4
7486,163547,3
7500,163561,4
7527,163588,2
7550,163611,4
7559,163620,1
7576,163637,3
7586,163647,4
7607,163668,1
7618,163679,2
7635,163696,3
7645,163706,1
7659,163720,4
7695,163756,2
7708,163769,0
7716,163777,4
7728,163789,2
7762,163823,1
7788,163849,2
7821,163882,1
7841,163902,3
7862,163923,2
7885,163946,1
7915,163976,3
7932,163993,4
7947,164008,1
7973,164034,1
8008,164069,2
8043,164104,1
8068,164129,1
8083,164144,1
8098,164159,3
8122,164183,1
8146,164207,3
8186,164247,3
8214,164275,4
8242,164303,4
8251,164312,3
8276,164337,0
8300,164361,1
8344,164405,3
8363,164424,1
8395,164456,1
8430,164491,4
8451,164512,2
8474,164535,1
8487,164548,2
8533,164594,4
8547,164608,2
8573,164634,1
8611,164672,2
8643,164704,1
8653,164714,1
8669,164730,3
8712,164773,3
8762,164823,1
8774,164835,0
8797,164858,2
8823,164884,2
8844,164905,2
8885,164946,1
8912,164973,1
8924,164985,3
8939,165000,1
8964,165025,1
8998,165059,2
9013,165074,1
9041,165102,1
9057,165118,3
9085,165146,3
9118,165179,1
9155,165216,3
9175,165236,1
9177,165238,3
9211,165272,3
9236,165297,0
9276,165337,2
9300,165361,3
9318,165379,1
9346,165407,1
9361,165422,0
9381,165442,1
9407,165468,1
9429,165490,3
9441,165502,3
9476,165537,2
9500,165561,2
9506,165567,0
9511,165572,0
9527,165588,3
9548,165609,4
9563,165624,2
9581,165642,3
9590,165651,1
9605,165666,3
9614,165675,4
9627,165688,1
9633,165694,2
9640,165701,2
9645,165706,0
9647,165708,2
9674,165735,1
9684,165745,2
9722,165783,4
9729,165790,0
9760,165821,1
9791,165852,3
9817,165878,4
9845,165906,3
9876,165937,3
9885,165946,2
9887,165948,3
9904,165965,2
9916,165977,3
9936,165997,3
9970,166031,3
9980,166041,2
10024,166085,1
10057,166118,1
10081,166142,4
10088,166149,4
10103,166164,4
10120,166181,2
10144,166205,2
10159,166220,3
10191,166252,0
10208,166269,1
10231,166292,2
10260,166321,2
10277,166338,3
10293,166354,3
10306,166367,3
10322,166383,3
10337,166398,1
10348,166409,2
10391,166452,1
10416,166477,3
10437,166498,0
10450,166511,0
10456,166517,3
10480,166541,4
10509,166570,2
10546,166607,0
10589,166650,2
10619,166680,2
10645,166706,0
10676,166737,1
10703,166764,3
10737,166798,1
10754,166815,4
10793,166854,1
10815,166876,1
10848,166909,4
10869,166930,1
10890,166951,2
10896,166957,4
10930,166991,0
10955,167016,4
10986,167047,0
11004,167065,1
11025,167086,2
11033,167094,1
11051,167112,0
11068,167129,1
11109,167170,3
11129,167190,2
11140,167201,3
11149,167210,3
11204,167265,4
11211,167272,3
11232,167293,0
11242,167303,1
11268,167329,2
11275,167336,0
11307,167368,2
11333,167394,4
11363,167424,1
11398,167459,0
11419,167480,3
11429,167490,1
11464,167525,2
11469,167530,1
11487,167548,1
11500,167561,1
11528,167589,4
11547,167608,3
11563,167624,1
11593,167654,1
11610,167671,1
11630,167691,1
11635,167696,3
11665,167726,3
11691,167752,4
11724,167785,1
11749,167810,1
11762,167823,0
11779,167840,3
11809,167870,3
11840,167901,3
11861,167922,2
11887,167948,1
11904,167965,1
11917,167978,4
11936,167997,3
11965,168026,3
11970,168031,2
12004,168065,2
12057,168118,1
12075,168136,4
12101,168162,0
12126,168187,4
12147,168208,1
12160,168221,1
12182,168243,1
12203,168264,2
12210,168271,4
12226,168287,2
12249,168310,4
12270,168331,1
12289,168350,2
12317,168378,4
12320,168381,3
12349,168410,1
12359,168420,4
12380,168441,2
12396,168457,2
12402,168463,4
12407,168468,1
12417,168478,1
12429,168490,2
12457,168518,1
12485,168546,1
12495,168556,1
12529,168590,1
12545,168606,3
12553,168614,3
12566,168627,2
12594,168655,2
12597,168658,1
12614,168675,3
12634,168695,2
12659,168720,4
12684,168745,1
12688,168749,1
12698,168759,3
12723,168784,2
12729,168790,0
12753,168814,1
12778,168839,3
12796,168857,1
12835,168896,1
12866,168927,2
12870,168931,2
12906,168967,1
12927,168988,4
12979,169040,3
13004,169065,3
13025,169086,3
13048,169109,3
13075,169136,4
13091,169152,0
13101,169162,2
13120,169181,1
13133,169194,1
13156,169217,3
13185,169246,4
13207,169268,1
13229,169290,1
13251,169312,0
13285,169346,4
13302,169363,3
13339,169400,0
13371,169432,3
13409,169470,3
13446,169507,0
13470,169531,2
13494,169555,3
13520,169581,4
13546,169607,2
13561,169622,2
13567,169628,4
13586,169647,3
13609,169670,3
13616,169677,3
13647,169708,3
13684,169745,1
13689,169750,3
13707,169768,1
13743,169804,1
13753,169814,1
13772,169833,3
13782,169843,3
13815,169876,1
13839,169900,3
13870,169931,1
13875,169936,4
13905,169966,3
13941,170002,2
13978,170039,1
13985,170046,2
14021,170082,2
14030,170091,3
14045,170106,3
14056,170117,2
14064,170125,0
14088,170149,3
14125,170186,3
14153,170214,3
14165,170226,2
14177,170238,0
14194,170255,4
14213,170274,2
14244,170305,2
14253,170314,4
14271,170332,2
14279,170340,0
14320,170381,3
14346,170407,1
14353,170414,1
14361,170422,1
14380,170441,4
14400,170461,1
14427,170488,1
14435,170496,0
14445,170506,4
14482,170543,2
14512,170573,3
14520,170581,4
14533,170594,3
14552,170613,1
14571,170632,1
14592,170653,0
14601,170662,4
14635,170696,4
14643,170704,4
14654,170715,1
14673,170734,3
14689,170750,3
14720,170781,1
14754,170815,1
14790,170851,3
14816,170877,1
14843,170904,4
14871,170932,0
14896,170957,2
14906,170967,3
14917,170978,1
14953,171014,0
14972,171033,1
14990,171051,3
15005,171066,1
15035,171096,2
15071,171132,4
15093,171154,2
15115,171176,3
15150,171211,2
15162,171223,1
15176,171237,2
15217,171278,2
15235,171296,3
15283,171344,4
15289,171350,1
15307,171368,3
15311,171372,1
15335,171396,0
15375,171436,4
15401,171462,0
15411,171472,0
15415,171476,0
15449,171510,1
15468,171529,2
15500,171561,3
15516,171577,1
15540,171601,1
15562,171623,3
15569,171630,0
15575,171636,0
15602,171663,2
15620,171681,3
15628,171689,1
15639,171700,2
15668,171729,1
15685,171746,2
15687,171748,3
15699,171760,3
15716,171777,0
15735,171796,1
15759,171820,3
15779,171840,3
15794,171855,3
15818,171879,2
15823,171884,2
15849,171910,0
15864,171925,4
15868,171929,2
15904,171965,4
15932,171993,2
15943,172004,4
15947,172008,1
15972,172033,1
16015,172076,1
16032,172093,0
16046,172107,1
16062,172123,0
16080,172141,4
16127,172188,2
16155,172216,3
16164,172225,2
16201,172262,3
16216,172277,3
16238,172299,0
16260,172321,0
16272,172333,3
16293,172354,1
16301,172362,4
16321,172382,1
16345,172406,3
16353,172414,3
16386,172447,2
16407,172468,1
16443,172504,1
16461,172522,3
16496,172557,2
16518,172579,4
16527,172588,4
16559,172620,4
16595,172656,4
16616,172677,0
16630,172691,3
16648,172709,1
16654,172715,1
16679,172740,3
16708,172769,4
16728,172789,1
16768,172829,0
16792,172853,3
16804,172865,0
16813,172874,2
16832,172893,0
16859,172920,3
16877,172938,2
16890,172951,0
16902,172963,1
16918,172979,0
16929,172990,1
16950,173011,3
16965,173026,3
16980,173041,0
17003,173064,1
17009,173070,0
17011,173072,3
17037,173098,3
17052,173113,0
17075,173136,1
17081,173142,3
17118,173179,3
17140,173201,1
17160,173221,2
17205,173266,2
17218,173279,3
17245,173306,4
17251,173312,2
17267,173328,1
17299,173360,4
17315,173376,0
17334,173395,1
17355,173416,4
17364,173425,2
17376,173437,3
17389,173450,3
17403,173464,4
17421,173482,4
17449,173510,3
17465,173526,1
17490,173551,2
17493,173554,3
17508,173569,2
17537,173598,4
17553,173614,3
17582,173643,1
17602,173663,1
17612,173673,1
17621,173682,1
17647,173708,2
17683,173744,1
17726,173787,1
17767,173828,4
17784,173845,3
17813,173874,1
17832,173893,2
17845,173906,2
17885,173946,1
17912,173973,3
17917,173978,1
17931,173992,1
17938,173999,1
17957,174018,3
17977,174038,3
18002,174063,1
18026,174087,1
18061,174122,3
18086,174147,1
18111,174172,0
18123,174184,4
18156,174217,1
18176,174237,1
18187,174248,3
18200,174261,1
18214,174275,2
18228,174289,4
18246,174307,0
18247,174308,2
18264,174325,4
18288,174349,1
18320,174381,1
18350,174411,3
18379,174440,2
18406,174467,1
18426,174487,1
18450,174511,2
18459,174520,1
18465,174526,2
18489,174550,2
18510,174571,2
18530,174591,3
18560,174621,4
18582,174643,4
18609,174670,2
18657,174718,1
18682,174743,4
18692,174753,1
18732,174793,3
18767,174828,1
18784,174845,4
18791,174852,1
18795,174856,4
18824,174885,1
18858,174919,3
18889,174950,2
18900,174961,1
18922,174983,4
18943,175004,3
18960,175021,1
18974,175035,1
19012,175073,3
19023,175084,1
19063,175124,4
19088,175149,3
19099,175160,3
19138,175199,4
19156,175217,1
19175,175236,2
19204,175265,3
19222,175283,3
19246,175307,0
19271,175332,1
19287,175348,1
19314,175375,2
19330,175391,1
19345,175406,0
19395,175456,3
19408,175469,3
19421,175482,3
19446,175507,2
19457,175518,3
19470,175531,1
19477,175538,3
19511,175572,4
19519,175580,3
19556,175617,2
19560,175621,4
19590,175651,3
19601,175662,2
19606,175667,1
19640,175701,3
19658,175719,2
19661,175722,1
19681,175742,1
19687,175748,3
19714,175775,0
19741,175802,1
19760,175821,2
19806,175867,1
19819,175880,1
19850,175911,1
19862,175923,3
19884,175945,2
19904,175965,1
19918,175979,1
19935,175996,2
19948,176009,3
19957,176018,0
19976,176037,1
19997,176058,3
20016,176077,2
20050,176111,1
20089,176150,1
20096,176157,3
20120,176181,3
20136,176197,1
20159,176220,1
20182,176243,2
20188,176249,1
20216,176277,1
20223,176284,3
20226,176287,2
20250,176311,2
20266,176327,2
20284,176345,1
20316,176377,4
20338,176399,4
20347,176408,1
20367,176428,1
20414,176475,3
20430,176491,3
20452,176513,2
20474,176535,2
20491,176552,3
20516,176577,1
20525,176586,0
20545,176606,1
20559,176620,3
20568,176629,4
20579,176640,0
20610,176671,0
20635,176696,2
20656,176717,4
20678,176739,4
20702,176763,2
20743,176804,2
20779,176840,1
20796,176857,1
20809,176870,1
20823,176884,3
20839,176900,3
20851,176912,1
20885,176946,2
20901,176962,1
20941,177002,1
20976,177037,1
20988,177049,2
20995,177056,4
21003,177064,0
21025,177086,3
21035,177096,3
21062,177123,1
21094,177155,4
21122,177183,1
21149,177210,2
21172,177233,3
21194,177255,4
21204,177265,2
21221,177282,1
21235,177296,2
21271,177332,4
21282,177343,2
21315,177376,2
21321,177382,1
21350,177411,1
21379,177440,1
21382,177443,1
21421,177482,2
21434,177495,3
21461,177522,3
21478,177539,3
21499,177560,2
21514,177575,2
21533,177594,4
21564,177625,3
21568,177629,3
21586,177647,2
21594,177655,3
21615,177676,0
21664,177725,1
21678,177739,2
21692,177753,3
21709,177770,1
21727,177788,0
21748,177809,4
21765,177826,2
21794,177855,2
21809,177870,1
21816,177877,3
21827,177888,3
21868,177929,1
21905,177966,2
21928,177989,4
21945,178006,2
21978,178039,4
22008,178069,2
22019,178080,3
22029,178090,1
22048,178109,3
22073,178134,1
22103,178164,0
22109,178170,1
22116,178177,0
22131,178192,0
22169,178230,3
22195,178256,2
22250,178311,3
22277,178338,1
22286,178347,1
22311,178372,4
22341,178402,3
22362,178423,3
22386,178447,4
22402,178463,0
22411,178472,4
22422,178483,3
22457,178518,3
22486,178547,0
22508,178569,2
22531,178592,3
22557,178618,0
22561,178622,2
22599,178660,0
22635,178696,3
22637,178698,0
22645,178706,1
22660,178721,3
22673,178734,4
22691,178752,2
22707,178768,4
22729,178790,2
22749,178810,3
22774,178835,3
22803,178864,0
22823,178884,0
22845,178906,3
22855,178916,2
22869,178930,1
22909,178970,4
22927,178988,1
22936,178997,3
22950,179011,0
22961,179022,1
22977,179038,0
22988,179049,3
23017,179078,4
23041,179102,0
23068,179129,1
23086,179147,2
23107,179168,3
23122,179183,1
23143,179204,1
23170,179231,2
23203,179264,1
23244,179305,0
23270,179331,2
23280,179341,1
23288,179349,1
23299,179360,1
23318,179379,4
23348,179409,3
23361,179422,3
23376,179437,0
23395,179456,2
23407,179468,2
23429,179490,4
23439,179500,4
23464,179525,4
23485,179546,1
23495,179556,3
23527,179588,3
23559,179620,3
23587,179648,1
23619,179680,4
23641,179702,2
23674,179735,4
23705,179766,3
23734,179795,1
23749,179810,1
23755,179816,0
23788,179849,2
23816,179877,1
23830,179891,1
23837,179898,3
23857,179918,2
23876,179937,3
23894,179955,1
23914,179975,1
23933,179994,1
23953,180014,2
23966,180027,1
23994,180055,1
24017,180078,3
24051,180112,1
24065,180126,3
24087,180148,2
24101,180162,1
24117,180178,3
24132,180193,1
24157,180218,1
24180,180241,1
24198,180259,4
24211,180272,1
24231,180292,1
24237,180298,3
24242,180303,2
24258,180319,1
24266,180327,2
24284,180345,1
24295,180356,3
24310,180371,0
24316,180377,0
24342,180403,1
24369,180430,4
24373,180434,1
24390,180451,0
24401,180462,4
24407,180468,2
24421,180482,4
24456,180517,1
24478,180539,0
24507,180568,1
24516,180577,1
24525,180586,3
24563,180624,1
24583,180644,2
24591,180652,3
24615,180676,0
24645,180706,3
24674,180735,1
24701,180762,2
24728,180789,1
24739,180800,1
24774,180835,0
24805,180866,3
24820,180881,3
24837,180898,1
24843,180904,2
24856,180917,1
24890,180951,3
24900,180961,1
24918,180979,3
24939,181000,0
24972,181033,0
24990,181051,2
25021,181082,2
25022,181083,2
25049,181110,4
25059,181120,3
25069,181130,1
25091,181152,3
25109,181170,1
25129,181190,3
25146,181207,1
25161,181222,4
25180,181241,3
25209,181270,3
25224,181285,3
25230,181291,2
25237,181298,0
25250,181311,0
25257,181318,3
25292,181353,2
25303,181364,0
25313,181374,1
25319,181380,3
25345,181406,3
25373,181434,4
25385,181446,4
25396,181457,2
25435,181496,0
25483,181544,0
25508,181569,3
25553,181614,2
25559,181620,2
25607,181668,2
25625,181686,2
25637,181698,2
25659,181720,4
25693,181754,3
25731,181792,2
25775,181836,4
25817,181878,3
25827,181888,1
25847,181908,4
25855,181916,0
25879,181940,3
25911,181972,3
25924,181985,2
25934,181995,2
25939,182000,1
25956,182017,0
25985,182046,3
26006,182067,4
26019,182080,0
26053,182114,3
26062,182123,3
26076,182137,4
26081,182142,0
26123,182184,0
26154,182215,4
26178,182239,3
26206,182267,0
26213,182274,1
26244,182305,2
26248,182309,0
26292,182353,1
26295,182356,0
26315,182376,3
26334,182395,1
26348,182409,2
26373,182434,2
26393,182454,0
26424,182485,3
26447,182508,1
26466,182527,0
26486,182547,3
26511,182572,1
26520,182581,3
26542,182603,1
26557,182618,4
26575,182636,1
26599,182660,3
26623,182684,2
26633,182694,4
26647,182708,1
26668,182729,4
26682,182743,3
26701,182762,1
26733,182794,2
26761,182822,4
26791,182852,2
26826,182887,3
26842,182903,3
26884,182945,2
26893,182954,1
26899,182960,2
26907,182968,1
26928,182989,3
26946,183007,3
26951,183012,4
26975,183036,1
27005,183066,1
27054,183115,3
27085,183146,4
27101,183162,1
27109,183170,3
27134,183195,1
27179,183240,1
27193,183254,3
27221,183282,1
27249,183310,2
27263,183324,3
27269,183330,2
27306,183367,3
27326,183387,4
27337,183398,1
27370,183431,1
27379,183440,3
27410,183471,1
27442,183503,1
27477,183538,4
27500,183561,4
27519,183580,3
27542,183603,1
27556,183617,2
27590,183651,4
27608,183669,3
27622,183683,1
27665,183726,4
27691,183752,0
27699,183760,1
27708,183769,3
27720,183781,4
27725,183786,3
27744,183805,2
27762,183823,3
27774,183835,2
27783,183844,2
27786,183847,2
27798,183859,4
27819,183880,0
27836,183897,1
27855,183916,3
27878,183939,4
27910,183971,3
27917,183978,3
27933,183994,4
27971,184032,1
27980,184041,2
28012,184073,4
28023,184084,4
28052,184113,3
28067,184128,3
28077,184138,1
28102,184163,4
28128,184189,3
28137,184198,3
28154,184215,3
28167,184228,3
28183,184244,2
28189,184250,0
28211,184272,3
28239,184300,2
28244,184305,2
28259,184320,2
28282,184343,3
28299,184360,4
28324,184385,0
28345,184406,4
28357,184418,3
28382,184443,1
28395,184456,0
28435,184496,2
28440,184501,4
28447,184508,1
28473,184534,2
28492,184553,2
28505,184566,3
28527,184588,3
28534,184595,1
28560,184621,1
28577,184638,4
28592,184653,4
28620,184681,0
28652,184713,1
28677,184738,1
28702,184763,1
28737,184798,2
28746,184807,4
28774,184835,3
28787,184848,1
28794,184855,0
28799,184860,3
28812,184873,0
28814,184875,2
28854,184915,3
28870,184931,3
28884,184945,3
28901,184962,2
28936,184997,4
28964,185025,3
28994,185055,0
29015,185076,2
29051,185112,0
29066,185127,3
29107,185168,2
29113,185174,3
29142,185203,4
29171,185232,2
29207,185268,2
29238,185299,3
29253,185314,1
29275,185336,3
29309,185370,2
29325,185386,3
29352,185413,3
29377,185438,2
29383,185444,1
29393,185454,2
29404,185465,1
29420,185481,0
29432,185493,4
29438,185499,1
29447,185508,3
29456,185517,1
29478,185539,4
29506,185567,3
29513,185574,3
29535,185596,3
29566,185627,3
29589,185650,3
29621,185682,2
29651,185712,1
29674,185735,2
29702,185763,1
29733,185794,1
29750,185811,3
29764,185825,1
29773,185834,3
29789,185850,4
29798,185859,4
29842,185903,1
29846,185907,4
29875,185936,1
29891,185952,1
29908,185969,4
29918,185979,1
29921,185982,4
29934,185995,0
29959,186020,4
29968,186029,2
29987,186048,3
30023,186084,0
30043,186104,3
30067,186128,2
30074,186135,1
30110,186171,3
30126,186187,2
30142,186203,1
30155,186216,3
30163,186224,1
30171,186232,4
30181,186242,3
30209,186270,1
30239,186300,3
30263,186324,3
30284,186345,4
30297,186358,4
30314,186375,0
30332,186393,3
30357,186418,1
30370,186431,1
30384,186445,0
30400,186461,3
30428,186489,4
30457,186518,2
30495,186556,3
30516,186577,2
30530,186591,4
30557,186618,0
30573,186634,4
30584,186645,3
30588,186649,1
30597,186658,3
30611,186672,3
30635,186696,4
30657,186718,1
30667,186728,3
30677,186738,2
30689,186750,1
30711,186772,1
30733,186794,3
30759,186820,4
30788,186849,0
30814,186875,3
30848,186909,4
30876,186937,0
30915,186976,3
30939,187000,2
30987,187048,1
31014,187075,0
31024,187085,2
31037,187098,2
31053,187114,3
31089,187150,2
31099,187160,1
31104,187165,2
31114,187175,1
31131,187192,2
31168,187229,3
31181,187242,3
31188,187249,0
31198,187259,1
31214,187275,3
31249,187310,4
31283,187344,3
31320,187381,1
31358,187419,4
31366,187427,4
31378,187439,1
31396,187457,2
31415,187476,2
31416,187477,3
31447,187508,2
31450,187511,2
31457,187518,2
31468,187529,4
31502,187563,3
31539,187600,1
31557,187618,1
31590,187651,2
31602,187663,3
31614,187675,1
31621,187682,2
31636,187697,1
31657,187718,2
31672,187733,4
31693,187754,3
31725,187786,0
31746,187807,3
31754,187815,1
31770,187831,4
31775,187836,3
31794,187855,1
31820,187881,2
31841,187902,2
31852,187913,0
31873,187934,4
31900,187961,3
31919,187980,1
31962,188023,1
31980,188041,3
32008,188069,1
32018,188079,2
32029,188090,3
32049,188110,4
32061,188122,4
32079,188140,3
32097,188158,2
32129,188190,0
32133,188194,1
32157,188218,1
32176,188237,3
32205,188266,3
32233,188294,4
32261,188322,3
32277,188338,2
32282,188343,2
32317,188378,1
32365,188426,1
32380,188441,1
32383,188444,4
32401,188462,3
32418,188479,0
32435,188496,1
32440,188501,4
32454,188515,1
32482,188543,1
32509,188570,3
32523,188584,2
32534,188595,2
32547,188608,1
32573,188634,0
32592,188653,3
32611,188672,3
32627,188688,0
32644,188705,0
32648,188709,1
32670,188731,3
32687,188748,1
32719,188780,4
32757,188818,1
32772,188833,0
32791,188852,1
32811,188872,1
32859,188920,3
32869,188930,0
32894,188955,1
32919,188980,0
32937,188998,1
32963,189024,4
32982,189043,1
33013,189074,0
33027,189088,3
33040,189101,2
33048,189109,2
33061,189122,2
33078,189139,4
33104,189165,2
33106,189167,1
33127,189188,2
33153,189214,3
33170,189231,1
33183,189244,2
33205,189266,0
33223,189284,4
33239,189300,4
33253,189314,1
33266,189327,3
33279,189340,2
33284,189345,2
33303,189364,3
33338,189399,2
33361,189422,1
33379,189440,2
33412,189473,2
33418,189479,4
33430,189491,3
33447,189508,3
33490,189551,3
33506,189567,3
33519,189580,4
33545,189606,4
33550,189611,2
33580,189641,1
33604,189665,0
33624,189685,1
33657,189718,4
33686,189747,3
33714,189775,1
33717,189778,1
33747,189808,1
33768,189829,2
33790,189851,1
33817,189878,2
33851,189912,1
33861,189922,0
33886,189947,0
33897,189958,1
33913,189974,4
33922,189983,4
33950,190011,3
33975,190036,1
33982,190043,3
33995,190056,1
34012,190073,0
34024,190085,0
34030,190091,3
34046,190107,3
34070,190131,1
34086,190147,0
34094,190155,3
34107,190168,1
34129,190190,2
34143,190204,3
34162,190223,0
34185,190246,1
34207,190268,0
34239,190300,1
34253,190314,2
34264,190325,2
34281,190342,2
34316,190377,1
34337,190398,0
34369,190430,1
34405,190466,3
34424,190485,4
34432,190493,2
34463,190524,0
34471,190532,3
34490,190551,2
34518,190579,0
34556,190617,3
34568,190629,3
34586,190647,2
34608,190669,3
34622,190683,0
34630,190691,1
34641,190702,3
34670,190731,3
34682,190743,4
34695,190756,4
34730,190791,2
34758,190819,4
34793,190854,3
34810,190871,3
34834,190895,4
34845,190906,1
34870,190931,2
34911,190972,0
34933,190994,0
34956,191017,0
34977,191038,3
35017,191078,1
35035,191096,1
35063,191124,4
35100,191161,3
35121,191182,4
35146,191207,2
35194,191255,1
35206,191267,1
35225,191286,2
35233,191294,3
35270,191331,3
35285,191346,1
35316,191377,2
35330,191391,1
35366,191427,2
35403,191464,3
35433,191494,1
35451,191512,3
35481,191542,4
35505,191566,2
35522,191583,3
35531,191592,3
35568,191629,1
35586,191647,0
35592,191653,3
35596,191657,0
35623,191684,3
35636,191697,3
35651,191712,1
35660,191721,1
35676,191737,4
35685,191746,1
35719,191780,2
35745,191806,2
35767,191828,3
35790,191851,3
35796,191857,1
35828,191889,2
35865,191926,2
35903,191964,3
35917,191978,1
35944,192005,3
35951,192012,1
35993,192054,1
36012,192073,2
36014,192075,1
36023,192084,1
36043,192104,1
36061,192122,0
36072,192133,2
36077,192138,3
36108,192169,1
36136,192197,4
36163,192224,4
36181,192242,4
36193,192254,1
36234,192295,0
36244,192305,2
36271,192332,3
36289,192350,1
36307,192368,2
36314,192375,3
36330,192391,2
36351,192412,3
36370,192431,1
36385,192446,0
36410,192471,2
36425,192486,1
36434,192495,2
36463,192524,0
36499,192560,0
36526,192587,2
36567,192628,3
36609,192670,2
36629,192690,1
36675,192736,4
36703,192764,3
36729,192790,3
36738,192799,2
36745,192806,1
36769,192830,2
36791,192852,3
36809,192870,3
36826,192887,3
36838,192899,1
36858,192919,4
36864,192925,2
36896,192957,3
36905,192966,2
36931,192992,1
36960,193021,3
36989,193050,0
37023,193084,3
37052,193113,3
37087,193148,1
37093,193154,1
37122,193183,2
37144,193205,3
37164,193225,1
37182,193243,1
37226,193287,2
37244,193305,4
37254,193315,3
37260,193321,4
37289,193350,3
37298,193359,4
37324,193385,3
37335,193396,1
37360,193421,2
37388,193449,3
37399,193460,0
37424,193485,1
37447,193508,1
37485,193546,2
37494,193555,3
37505,193566,4
37532,193593,1
37559,193620,0
37576,193637,0
37605,193666,3
37614,193675,2
37616,193677,1
37640,193701,0
37659,193720,2
37685,193746,3
37705,193766,2
37726,193787,1
37733,193794,2
37743,193804,3
37753,193814,3
37771,193832,3
37796,193857,3
37821,193882,3
37844,193905,2
37863,193924,3
37878,193939,4
37883,193944,3
37900,193961,1
37925,193986,0
37943,194004,3
37958,194019,2
37982,194043,3
38002,194063,3
38034,194095,4
38039,194100,0
38057,194118,1
38072,194133,2
38096,194157,2
38114,194175,0
38148,194209,1
38168,194229,1
38186,194247,3
38220,194281,3
38243,194304,1
38263,194324,2
38279,194340,2
38301,194362,1
38319,194380,1
38332,194393,3
38348,194409,1
38369,194430,1
38385,194446,4
38413,194474,4
38421,194482,3
38446,194507,2
38483,194544,1
38494,194555,2
38497,194558,2
38515,194576,1
38548,194609,4
38570,194631,2
38598,194659,1
38602,194663,3
38625,194686,2
38627,194688,3
38639,194700,2
38650,194711,1
38658,194719,1
38664,194725,1
38670,194731,3
38692,194753,4
38716,194777,2
38764,194825,1
38792,194853,1
38796,194857,3
38813,194874,4
38828,194889,1
38846,194907,3
38866,194927,1
38876,194937,4
38921,194982,1
38931,194992,1
38942,195003,1
38958,195019,4
38968,195029,3
39005,195066,2
39017,195078,1
39024,195085,1
39043,195104,4
39064,195125,3
39086,195147,0
39102,195163,4
39115,195176,2
39142,195203,3
39179,195240,4
39202,195263,4
39213,195274,1
39240,195301,1
39255,195316,2
39258,195319,4
39268,195329,2
39289,195350,4
39306,195367,3
39322,195383,4
39342,195403,1
39359,195420,2
39384,195445,0
39401,195462,1
39409,195470,3
39428,195489,2
39443,195504,1
39470,195531,3
39481,195542,1
39501,195562,1
39511,195572,2
39537,195598,2
39567,195628,0
39582,195643,4
39586,195647,4
39633,195694,1
39644,195705,3
39657,195718,4
39664,195725,3
39670,195731,1
39701,195762,1
39716,195777,3
39728,195789,1
39747,195808,4
39776,195837,0
39803,195864,3
39832,195893,3
39862,195923,3
39871,195932,2
39888,195949,2
39901,195962,2
39906,195967,1
39938,195999,2
39957,196018,0
39998,196059,1
40015,196076,3
40023,196084,1
40029,196090,4
40038,196099,2
40064,196125,1
40080,196141,0
40082,196143,1
40096,196157,3
40101,196162,3
40130,196191,1
40154,196215,3
40173,196234,1
40181,196242,0
40189,196250,1
40211,196272,1
40233,196294,1
40242,196303,3
40266,196327,2
40296,196357,3
40325,196386,1
40340,196401,1
40372,196433,1
40391,196452,3
40419,196480,2
40457,196518,1
40480,196541,4
40495,196556,4
40511,196572,1
40514,196575,0
40536,196597,1
40562,196623,3
40583,196644,1
40599,196660,4
40617,196678,3
40642,196703,2
40676,196737,2
40693,196754,1
40704,196765,3
40714,196775,1
40732,196793,2
40745,196806,3
40767,196828,4
40778,196839,4
40793,196854,1
40817,196878,2
40839,196900,1
40849,196910,3
40875,196936,4
40886,196947,1
40911,196972,2
40925,196986,4
40933,196994,1
40956,197017,2
40991,197052,3
41007,197068,3
41019,197080,4
41042,197103,1
41051,197112,2
41053,197114,3
41062,197123,3
41084,197145,0
41109,197170,1
41139,197200,4
41158,197219,1
41180,197241,3
41207,197268,2
41226,197287,2
41231,197292,2
41246,197307,1
41282,197343,2
41310,197371,4
41355,197416,2
41361,197422,1
41375,197436,3
41386,197447,3
41405,197466,2
41442,197503,0
41452,197513,0
41470,197531,1
41501,197562,2
41539,197600,1
41554,197615,3
41579,197640,1
41589,197650,1
41626,197687,2
41646,197707,1
41683,197744,4
41699,197760,1
41713,197774,4
41741,197802,3
41768,197829,2
41804,197865,3
41830,197891,3
41854,197915,1
41869,197930,2
41885,197946,2
41908,197969,0
41927,197988,1
41957,198018,3
41964,198025,1
41975,198036,3
41984,198045,1
42015,198076,3
42065,198126,2
42077,198138,3
42101,198162,3
42120,198181,2
42143,198204,4
42165,198226,2
42177,198238,1
42195,198256,2
42209,198270,2
42217,198278,2
42245,198306,2
42252,198313,3
42265,198326,4
42278,198339,3
42291,198352,3
42299,198360,2
42315,198376,3
42333,198394,3
42341,198402,1
42365,198426,1
42388,198449,2
42407,198468,2
42431,198492,4
42438,198499,1
42453,198514,0
42460,198521,0
42471,198532,2
42492,198553,1
42521,198582,4
42533,198594,2
42541,198602,1
42564,198625,0
42586,198647,2
42604,198665,3
42631,198692,0
42655,198716,3
42677,198738,3
42691,198752,0
42705,198766,2
42722,198783,1
42724,198785,3
42739,198800,0
42777,198838,4
42781,198842,3
42791,198852,3
42815,198876,4
42848,198909,1
42870,198931,2
42888,198949,1
42893,198954,1
42895,198956,4
42907,198968,4
42921,198982,3
42933,198994,1
42959,199020,3
42970,199031,3
42986,199047,0
43002,199063,1
43019,199080,4
43024,199085,2
43039,199100,3
43054,199115,2
43065,199126,2
43076,199137,1
43086,199147,1
43097,199158,0
43105,199166,0
43133,199194,1
43149,199210,4
43156,199217,1
43188,199249,3
43202,199263,4
43242,199303,3
43270,199331,0
43276,199337,2
43305,199366,0
43341,199402,4
43349,199410,1
43378,199439,3
43396,199457,1
43410,199471,2
43426,199487,3
43460,199521,2
43473,199534,3
43494,199555,2
43511,199572,1
43517,199578,0
43536,199597,3
43560,199621,1
43565,199626,4
43604,199665,1
43625,199686,2
43647,199708,1
43672,199733,1
43692,199753,3
43702,199763,2
43705,199766,3
43707,199768,2
43747,199808,3
43791,199852,2
43828,199889,3
43857,199918,1
43872,199933,1
43890,199951,1
43913,199974,1
43934,199995,2
43951,200012,3
43959,200020,1
43989,200050,2
44018,200079,3
44030,200091,1
44037,200098,2
44050,200111,3
44065,200126,2
44091,200152,1
44104,200165,3
44113,200174,2
44119,200180,1
44148,200209,3
44172,200233,3
44209,200270,3
44224,200285,4
44238,200299,4
44259,200320,2
44289,200350,1
44296,200357,4
44325,200386,1
44334,200395,0
44345,200406,3
44369,200430,4
44386,200447,2
44388,200449,0
44406,200467,0
44422,200483,2
44433,200494,3
44444,200505,3
44466,200527,3
44479,200540,4
44508,200569,3
44527,200588,2
44541,200602,3
44573,200634,3
44604,200665,2
44630,200691,1
44659,200720,3
44674,200735,4
44683,200744,3
44709,200770,1
44718,200779,3
44740,200801,4
44750,200811,1
44777,200838,1
44796,200857,3
44832,200893,2
44855,200916,1
44881,200942,3
44905,200966,2
44917,200978,1
44932,200993,1
44949,201010,1
44963,201024,4
44993,201054,4
45003,201064,2
45028,201089,1
45046,201107,3
45049,201110,1
45079,201140,4
45082,201143,2
45102,201163,0
45105,201166,0
45123,201184,3
45150,201211,0
45178,201239,3
45203,201264,0
45220,201281,1
45230,201291,2
45245,201306,2
45249,201310,2
45264,201325,1
45299,201360,3
45324,201385,1
45351,201412,1
45356,201417,0
45374,201435,1
45405,201466,1
45415,201476,3
45438,201499,4
45451,201512,0
45452,201513,2
45466,201527,0
45480,201541,3
45492,201553,1
45513,201574,1
45518,201579,0
45540,201601,2
45572,201633,2
45590,201651,3
45605,201666,2
45630,201691,3
45643,201704,1
45664,201725,1
45680,201741,1
45689,201750,3
45712,201773,1
45736,201797,2
45771,201832,0
45795,201856,1
45821,201882,3
45845,201906,4
45874,201935,3
45897,201958,3
45927,201988,0
45945,202006,0
45968,202029,1
45982,202043,1
46003,202064,2
46013,202074,2
46034,202095,1
46072,202133,1
46110,202171,4
46117,202178,4
46121,202182,2
46142,202203,0
46155,202216,1
46178,202239,3
46190,202251,3
46212,202273,2
46240,202301,4
46268,202329,0
46288,202349,4
46306,202367,1
46319,202380,2
46344,202405,1
46360,202421,1
46379,202440,1
46391,202452,3
46407,202468,4
46450,202511,3
46486,202547,2
46494,202555,2
46525,202586,1
46539,202600,2
46555,202616,4
46563,202624,1
46572,202633,1
46595,202656,4
46627,202688,2
46646,202707,1
46673,202734,4
46692,202753,2
46716,202777,2
46740,202801,3
46748,202809,4
46766,202827,3
46780,202841,3
46798,202859,2
46818,202879,1
46821,202882,4
46860,202921,2
46882,202943,1
46886,202947,1
46901,202962,0
46905,202966,4
46924,202985,0
46932,202993,1
46956,203017,1
46972,203033,1
46998,203059,2
47033,203094,2
47048,203109,4
47071,203132,4
47089,203150,4
47117,203178,3
47152,203213,2
47166,203227,4
47171,203232,2
47196,203257,3
47206,203267,3
47219,203280,3
47243,203304,3
47248,203309,1
47252,203313,1
47257,203318,2
47264,203325,1
47277,203338,2
47291,203352,1
47308,203369,1
47330,203391,1
47341,203402,3
47354,203415,3
47369,203430,3
47386,203447,3
47415,203476,4
47422,203483,2
47443,203504,4
47457,203518,3
47462,203523,3
47499,203560,1
47534,203595,4
47558,203619,3
47569,203630,0
47584,203645,1
47607,203668,2
47636,203697,4
47659,203720,1
47695,203756,3
47720,203781,2
47728,203789,1
47752,203813,3
47768,203829,0
47802,203863,0
47813,203874,3
47819,203880,1
47840,203901,2
47849,203910,1
47871,203932,4
47888,203949,3
47904,203965,3
47915,203976,3
47949,204010,3
47984,204045,4
48002,204063,3
48023,204084,3
48044,204105,1
48060,204121,2
48072,204133,2
48089,204150,2
48124,204185,3
48148,204209,2
48172,204233,4
48194,204255,3
48208,204269,4
48214,204275,3
48252,204313,4
48271,204332,3
48285,204346,1
48295,204356,2
48324,204385,3
48356,204417,4
48369,204430,2
48391,204452,4
48400,204461,4
48403,204464,3
48432,204493,3
48439,204500,3
48445,204506,2
48472,204533,3
48482,204543,4
48511,204572,1
48531,204592,4
48536,204597,3
48544,204605,3
48569,204630,3
48585,204646,4
48610,204671,2
48631,204692,0
48639,204700,3
48665,204726,3
48690,204751,1
48709,204770,2
48723,204784,2
48754,204815,1
48776,204837,1
48789,204850,3
48815,204876,2
48842,204903,2
48846,204907,0
48855,204916,3
48866,204927,3
48894,204955,2
48920,204981,2
48946,205007,3
48955,205016,2
48989,205050,1
49007,205068,2
49029,205090,1
49034,205095,0
49051,205112,1
49077,205138,3
49093,205154,4
49100,205161,2
49117,205178,3
49143,205204,2
49160,205221,0
49175,205236,0
49182,205243,2
49224,205285,1
49235,205296,0
49252,205313,2
49284,205345,3
49325,205386,1
49338,205399,1
49380,205441,2
49396,205457,3
49409,205470,0
49441,205502,1
49448,205509,0
49456,205517,1
49486,205547,3
49520,205581,3
49529,205590,3
49551,205612,1
49561,205622,1
49582,205643,1
49606,205667,1
49615,205676,4
49622,205683,4
49639,205700,3
49648,205709,4
49685,205746,1
49714,205775,2
49735,205796,4
49750,205811,3
49767,205828,1
49794,205855,1
49817,205878,0
49835,205896,3
49855,205916,4
49879,205940,3
49907,205968,1
49924,205985,1
49936,205997,1
49971,206032,3
49986,206047,4
49994,206055,4
50011,206072,2
50026,206087,2
50045,206106,2
50049,206110,1
50065,206126,2
50088,206149,3
50125,206186,1
50146,206207,1
50158,206219,4
50163,206224,1
50178,206239,1
50210,206271,1
50230,206291,0
50259,206320,1
50278,206339,4
50293,206354,4
50310,206371,3
50343,206404,1
50351,206412,1
50375,206436,2
50383,206444,2
50408,206469,1
50438,206499,3
50474,206535,1
50487,206548,2
50505,206566,2
50520,206581,1
50539,206600,1
50553,206614,2
50573,206634,4
50590,206651,1
50606,206667,3
50627,206688,1
50636,206697,3
50643,206704,1
50652,206713,1
50663,206724,1
50686,206747,1
50693,206754,2
50709,206770,1
50737,206798,3
50754,206815,3
50764,206825,1
50773,206834,0
50788,206849,2
50794,206855,1
50808,206869,3
50814,206875,1
50834,206895,3
50857,206918,1
50865,206926,2
50876,206937,1
50906,206967,4
50927,206988,3
50954,207015,1
50979,207040,1
50997,207058,4
51002,207063,2
51020,207081,2
51049,207110,1
51055,207116,3
51080,207141,2
51104,207165,1
51112,207173,1
51121,207182,2
51151,207212,1
51170,207231,1
51183,207244,1
51192,207253,3
51207,207268,0
51215,207276,1
51221,207282,1
51251,207312,3
51272,207333,1
51301,207362,1
51309,207370,1
51350,207411,1
51373,207434,1
51422,207483,3
51438,207499,1
51444,207505,4
51461,207522,1
51488,207549,3
51524,207585,4
51536,207597,1
51550,207611,1
51565,207626,3
51588,207649,2
51606,207667,1
51642,207703,3
51656,207717,4
51661,207722,0
51688,207749,1
51694,207755,1
51703,207764,4
51735,207796,2
51749,207810,3
51761,207822,1
51777,207838,3
51790,207851,2
51805,207866,2
51831,207892,2
51839,207900,3
51864,207925,2
51883,207944,0
51905,207966,3
51924,207985,4
51941,208002,0
51963,208024,4
51977,208038,0
51985,208046,3
51998,208059,3
52013,208074,2
52028,208089,1
52072,208133,3
52087,208148,2
52097,208158,1
52108,208169,2
52122,208183,2
52136,208197,1
52152,208213,2
52164,208225,3
52189,208250,3
52205,208266,4
52225,208286,2
52250,208311,2
52270,208331,3
52290,208351,0
52295,208356,3
52309,208370,3
52328,208389,3
52349,208410,2
52379,208440,3
52402,208463,1
52433,208494,2
52459,208520,3
52496,208557,1
52505,208566,1
52517,208578,4
52523,208584,2
52527,208588,1
52561,208622,2
52585,208646,4
52609,208670,1
52627,208688,3
52635,208696,4
52640,208701,1
52668,208729,2
52697,208758,1
52724,208785,1
52731,208792,2
52739,208800,3
52756,208817,2
52781,208842,2
52806,208867,4
52850,208911,1
52857,208918,1
52885,208946,3
52921,208982,4
52946,209007,2
52964,209025,3
52970,209031,3
52984,209045,2
53008,209069,0
53029,209090,2
53050,209111,0
53055,209116,4
53076,209137,0
53084,209145,1
53093,209154,2
53103,209164,2
53131,209192,2
53148,209209,4
53153,209214,2
53166,209227,1
53188,209249,1
53200,209261,3
53231,209292,4
53254,209315,3
53271,209332,1
53300,209361,3
53336,209397,1
53367,209428,1
53387,209448,4
53425,209486,0
53429,209490,0
53446,209507,3
53479,209540,4
53508,209569,1
53519,209580,1
53539,209600,4
53571,209632,1
53599,209660,1
53617,209678,1
53620,209681,1
53636,209697,2
53643,209704,3
53659,209720,3
53667,209728,3
53677,209738,4
53699,209760,3
53726,209787,1
53751,209812,4
53763,209824,1
53790,209851,2
53799,209860,3
53819,209880,3
53850,209911,2
53869,209930,1
53876,209937,1
53882,209943,3
53899,209960,3
53939,210000,1
53971,210032,0
53989,210050,3
53995,210056,1
54029,210090,2
54051,210112,0
54071,210132,2
54079,210140,1
54100,210161,3
54124,210185,1
54147,210208,1
54171,210232,4
54196,210257,1
54201,210262,4
54219,210280,2
54245,210306,4
54250,210311,1
54288,210349,4
54293,210354,1
54302,210363,2
54313,210374,0
54332,210393,3
54349,210410,2
54365,210426,3
54379,210440,4
54413,210474,4
54421,210482,4
54435,210496,1
54446,210507,4
54463,210524,1
54481,210542,4
54503,210564,2
54508,210569,1
54529,210590,3
54557,210618,1
54572,210633,2
54589,210650,0
54612,210673,3
54626,210687,4
54641,210702,0
54659,210720,2
54683,210744,3
54699,210760,2
54720,210781,2
54740,210801,3
54781,210842,3
54808,210869,3
54837,210898,4
54849,210910,3
54867,210928,3
54878,210939,4
54901,210962,4
54920,210981,2
54928,210989,3
54931,210992,1
54939,211000,1
54949,211010,4
54962,211023,1
54971,211032,1
54989,211050,1
54996,211057,4
55026,211087,2
55047,211108,4
55062,211123,4
55077,211138,4
55107,211168,1
55124,211185,4
55139,211200,3
55154,211215,4
55190,211251,1
55205,211266,3
55210,211271,4
55226,211287,3
55244,211305,2
55266,211327,4
55279,211340,3
55297,211358,1
55309,211370,4
55342,211403,1
55363,211424,3
55390,211451,3
55393,211454,3
55406,211467,2
55419,211480,4
55426,211487,2
55439,211500,3
55454,211515,3
55473,211534,3
55490,211551,1
55535,211596,1
55548,211609,1
55575,211636,3
55586,211647,4
55607,211668,4
55613,211674,3
55635,211696,1
55653,211714,0
55665,211726,3
55685,211746,3
55706,211767,2
55714,211775,4
55733,211794,4
55739,211800,1
55753,211814,4
55773,211834,2
55785,211846,1
55793,211854,4
55800,211861,2
55815,211876,1
55864,211925,0
55877,211938,3
55883,211944,1
55895,211956,2
55934,211995,1
55956,212017,3
55973,212034,1
55996,212057,2
56005,212066,4
56026,212087,3
56053,212114,1
56087,212148,1
56094,212155,1
56123,212184,3
56152,212213,4
56166,212227,4
56182,212243,2
56185,212246,2
56203,212264,3
56210,212271,4
56216,212277,4
56239,212300,1
56258,212319,4
56265,212326,4
56285,212346,1
56296,212357,3
56309,212370,2
56318,212379,3
56336,212397,0
56352,212413,3
56356,212417,2
56384,212445,3
56415,212476,1
56445,212506,1
56447,212508,2
56466,212527,4
56479,212540,0
56488,212549,1
56522,212583,2
56523,212584,3
56542,212603,3
56556,212617,2
56571,212632,1
56603,212664,1
56632,212693,3
56656,212717,3
56670,212731,3
56706,212767,1
56717,212778,1
56727,212788,1
56744,212805,3
56760,212821,3
56765,212826,0
56778,212839,4
56797,212858,3
56812,212873,2
56814,212875,3
56835,212896,1
56861,212922,4
56890,212951,3
56918,212979,1
56932,212993,3
56954,213015,0
56959,213020,1
56982,213043,3
57003,213064,1
57023,213084,2
57051,213112,2
57057,213118,3
57078,213139,4
57088,213149,3
57103,213164,3
57121,213182,3
57152,213213,1
57174,213235,3
57187,213248,1
57192,213253,3
57206,213267,3
57219,213280,1
57223,213284,3
57235,213296,4
57250,213311,1
57254,213315,3
57280,213341,4
57288,213349,1
57296,213357,4
57304,213365,1
57327,213388,2
57334,213395,1
57344,213405,2
57370,213431,0
57393,213454,1
57412,213473,4
57423,213484,1
57434,213495,2
57448,213509,1
57451,213512,4
57458,213519,2
57464,213525,2
57471,213532,3
57489,213550,3
57516,213577,1
57528,213589,2
57550,213611,3
57568,213629,3
57592,213653,2
57618,213679,1
57640,213701,3
57679,213740,2
57696,213757,3
57722,213783,1
57736,213797,1
57758,213819,3
57777,213838,2
57797,213858,3
57810,213871,3
57842,213903,3
57863,213924,4
57883,213944,2
57885,213946,1
57908,213969,1
57931,213992,1
57956,214017,3
57962,214023,2
58001,214062,1
58029,214090,1
58058,214119,2
58067,214128,1
58079,214140,2
58092,214153,2
58113,214174,1
58125,214186,3
58157,214218,1
58161,214222,4
58181,214242,0
58202,214263,1
58216,214277,1
58245,214306,0
58269,214330,2
58310,214371,1
58318,214379,4
58329,214390,2
58333,214394,1
58345,214406,4
58356,214417,1
58366,214427,4
58382,214443,4
58386,214447,3
58407,214468,4
58438,214499,1
58486,214547,1
58500,214561,2
58535,214596,0
58556,214617,2
58571,214632,3
58578,214639,1
58585,214646,2
58591,214652,1
58612,214673,4
58622,214683,4
58632,214693,1
58671,214732,4
58684,214745,3
58709,214770,3
58714,214775,1
58731,214792,1
58774,214835,1
58790,214851,4
58796,214857,1
58814,214875,1
58828,214889,1
58858,214919,1
58865,214926,2
58868,214929,2
58884,214945,3
58913,214974,3
58923,214984,1
58928,214989,3
58942,215003,3
58961,215022,1
59003,215064,1
59021,215082,3
59037,215098,2
59055,215116,2
59060,215121,2
59064,215125,1
59081,215142,3
59096,215157,1
59104,215165,3
59134,215195,1
59144,215205,4
59174,215235,1
59191,215252,0
59196,215257,3
59217,215278,0
59250,215311,4
59267,215328,2
59289,215350,1
59299,215360,3
59324,215385,2
59356,215417,2
59383,215444,3
59416,215477,1
59450,215511,3
59463,215524,1
59477,215538,2
59488,215549,0
59509,215570,3
59518,215579,4
59532,215593,0
59537,215598,3
59554,215615,1
59564,215625,0
59580,215641,1
59607,215668,3
59618,215679,1
59638,215699,1
59663,215724,1
59681,215742,3
59703,215764,3
59730,215791,4
59735,215796,3
59757,215818,4
59787,215848,2
59807,215868,2
59834,215895,2
59870,215931,2
59890,215951,4
59899,215960,3
59916,215977,0
59947,216008,2
59955,216016,1
59986,216047,0
60002,216063,2
60018,216079,1
60027,216088,1
60054,216115,4
60060,216121,0
60077,216138,1
60088,216149,1
60114,216175,2
60134,216195,1
60147,216208,4
60178,216239,1
60200,216261,1
60210,216271,2
60216,216277,1
60243,216304,0
60268,216329,3
60274,216335,3
60297,216358,2
60306,216367,4
60327,216388,2
60349,216410,3
60368,216429,2
60376,216437,3
60401,216462,4
60413,216474,0
60424,216485,3
60434,216495,4
60445,216506,1
60452,216513,0
60464,216525,3
60479,216540,1
60517,216578,2
60533,216594,3
60557,216618,3
60571,216632,1
60579,216640,2
60584,216645,2
60595,216656,2
60637,216698,1
60664,216725,3
60683,216744,3
60704,216765,1
60722,216783,2
60734,216795,3
60766,216827,3
60777,216838,1
60789,216850,4
60809,216870,1
60826,216887,3
60853,216914,2
60867,216928,3
60883,216944,1
60901,216962,4
60933,216994,2
60945,217006,3
60969,217030,1
60997,217058,3
61042,217103,1
61071,217132,2
61087,217148,4
61116,217177,2
61129,217190,3
61151,217212,1
61169,217230,2
61178,217239,3
61185,217246,0
61206,217267,1
61238,217299,1
61270,217331,1
61283,217344,2
61289,217350,1
61300,217361,2
61324,217385,3
61354,217415,2
61371,217432,2
61386,217447,4
61402,217463,2
61425,217486,1
61446,217507,3
61454,217515,1
61467,217528,1
61481,217542,2
61503,217564,2
61515,217576,1
61535,217596,1
61568,217629,3
61595,217656,1
61627,217688,3
61630,217691,3
61636,217697,4
61651,217712,4
61652,217713,1
61676,217737,1
61682,217743,2
61692,217753,1
61700,217761,1
61728,217789,4
61748,217809,3
61758,217819,3
61775,217836,3
61792,217853,2
61813,217874,1
61844,217905,1
61883,217944,4
61912,217973,1
61940,218001,1
61944,218005,2
61958,218019,1
61980,218041,1
62012,218073,1
62038,218099,0
62043,218104,2
62067,218128,1
62104,218165,3
62129,218190,2
62147,218208,3
62163,218224,1
62177,218238,1
62184,218245,1
62201,218262,4
62206,218267,1
62213,218274,2
62246,218307,1
62264,218325,4
62282,218343,1
62297,218358,1
62320,218381,3
62357,218418,3
62362,218423,3
62378,218439,4
62385,218446,0
62404,218465,2
62438,218499,3
62452,218513,2
62487,218548,1
62509,218570,2
62539,218600,4
62562,218623,3
62578,218639,3
62583,218644,2
62599,218660,3
62622,218683,3
62639,218700,2
62644,218705,4
62664,218725,4
62705,218766,1
62727,218788,2
62739,218800,3
62757,218818,4
62785,218846,1
62817,218878,4
62851,218912,2
62880,218941,3
62894,218955,3
62905,218966,1
62924,218985,2
62928,218989,3
62960,219021,1
62990,219051,1
63020,219081,2
63030,219091,3
63040,219101,2
63050,219111,4
63071,219132,3
63076,219137,4
63092,219153,1
63100,219161,2
63106,219167,2
63136,219197,1
63144,219205,1
63160,219221,1
63184,219245,1
63198,219259,0
63214,219275,2
63244,219305,1
63283,219344,1
63306,219367,2
63316,219377,1
63329,219390,4
63352,219413,1
63361,219422,2
63378,219439,3
63395,219456,4
63402,219463,2
63409,219470,2
63414,219475,1
63432,219493,2
63454,219515,4
63472,219533,3
63500,219561,4
63525,219586,1
63556,219617,2
63563,219624,1
63571,219632,1
63590,219651,1
63617,219678,1
63638,219699,3
63665,219726,1
63683,219744,3
63702,219763,4
63717,219778,4
63740,219801,1
63742,219803,2
63749,219810,3
63767,219828,3
63772,219833,1
63791,219852,1
63810,219871,1
63831,219892,1
63859,219920,1
63872,219933,3
63895,219956,1
63922,219983,3
63951,220012,3
63975,220036,1
63979,220040,2
63988,220049,0
64011,220072,3
64039,220100,0
64061,220122,0
64074,220135,1
64097,220158,4
64102,220163,3
64124,220185,4
64145,220206,2
64178,220239,3
64210,220271,3
64238,220299,2
64253,220314,4
64269,220330,2
64286,220347,1
64312,220373,3
64330,220391,4
64344,220405,4
64384,220445,3
64417,220478,4
64432,220493,0
64451,220512,0
64463,220524,1
64468,220529,1
64474,220535,4
64498,220559,2
64514,220575,1
64518,220579,1
64525,220586,2
64542,220603,2
64573,220634,3
64592,220653,2
64614,220675,2
64640,220701,0
64657,220718,2
64663,220724,4
64685,220746,1
64710,220771,1
64728,220789,4
64744,220805,2
64746,220807,1
64760,220821,2
64791,220852,2
64811,220872,1
64830,220891,0
64840,220901,1
64853,220914,2
64859,220920,1
64895,220956,4
64909,220970,2
64933,220994,2
64971,221032,1
64986,221047,2
65012,221073,1
65035,221096,3
65046,221107,3
65071,221132,1
65096,221157,4
65105,221166,2
65144,221205,0
65151,221212,3
65171,221232,3
65192,221253,0
65200,221261,2
65220,221281,4
65251,221312,1
65256,221317,1
65278,221339,0
65290,221351,2
65299,221360,3
65313,221374,3
65349,221410,4
65366,221427,4
65391,221452,4
65406,221467,0
65427,221488,4
65449,221510,1
65465,221526,1
65501,221562,0
65506,221567,2
65516,221577,2
65551,221612,3
65558,221619,1
65568,221629,1
65570,221631,1
65595,221656,3
65614,221675,1
65640,221701,4
65655,221716,3
65681,221742,2
65684,221745,3
65693,221754,1
65702,221763,1
65709,221770,4
65740,221801,1
65753,221814,3
65765,221826,0
65775,221836,1
65787,221848,1
65812,221873,3
65841,221902,0
65844,221905,3
65858,221919,1
65876,221937,4
65885,221946,3
65902,221963,2
65912,221973,1
65929,221990,3
65947,222008,2
65951,222012,1
65956,222017,3
65979,222040,4
65988,222049,4
66006,222067,3
66034,222095,2
66050,222111,3
66085,222146,2
66089,222150,1
66109,222170,1
66132,222193,1
66146,222207,3
66158,222219,0
66169,222230,1
66178,222239,3
66193,222254,3
66220,222281,0
66239,222300,0
66253,222314,4
66280,222341,1
66287,222348,1
